Year,School,Major,Enrollment
1990,MCAS,African and African Diaspora Studies,
1991,MCAS,African and African Diaspora Studies,
1992,MCAS,African and African Diaspora Studies,
1993,MCAS,African and African Diaspora Studies,
1994,MCAS,African and African Diaspora Studies,
1995,MCAS,African and African Diaspora Studies,
1996,MCAS,African and African Diaspora Studies,
1997,MCAS,African and African Diaspora Studies,
1998,MCAS,African and African Diaspora Studies,
1999,MCAS,African and African Diaspora Studies,
2000,MCAS,African and African Diaspora Studies,
2001,MCAS,African and African Diaspora Studies,
2002,MCAS,African and African Diaspora Studies,
2003,MCAS,African and African Diaspora Studies,
2004,MCAS,African and African Diaspora Studies,
2005,MCAS,African and African Diaspora Studies,
2006,MCAS,African and African Diaspora Studies,
2007,MCAS,African and African Diaspora Studies,
2008,MCAS,African and African Diaspora Studies,
2009,MCAS,African and African Diaspora Studies,
2010,MCAS,African and African Diaspora Studies,
2011,MCAS,African and African Diaspora Studies,
2012,MCAS,African and African Diaspora Studies,
2013,MCAS,African and African Diaspora Studies,
2014,MCAS,African and African Diaspora Studies,
2015,MCAS,African and African Diaspora Studies,
2016,MCAS,African and African Diaspora Studies,
2017,MCAS,African and African Diaspora Studies,
2018,MCAS,African and African Diaspora Studies,
2019,MCAS,African and African Diaspora Studies,
2020,MCAS,African and African Diaspora Studies,10
2021,MCAS,African and African Diaspora Studies,15
2022,MCAS,African and African Diaspora Studies,10
1990,MCAS,Applied Physics,
1991,MCAS,Applied Physics,
1992,MCAS,Applied Physics,
1993,MCAS,Applied Physics,
1994,MCAS,Applied Physics,
1995,MCAS,Applied Physics,
1996,MCAS,Applied Physics,
1997,MCAS,Applied Physics,
1998,MCAS,Applied Physics,
1999,MCAS,Applied Physics,
2000,MCAS,Applied Physics,
2001,MCAS,Applied Physics,
2002,MCAS,Applied Physics,
2003,MCAS,Applied Physics,
2004,MCAS,Applied Physics,
2005,MCAS,Applied Physics,
2006,MCAS,Applied Physics,
2007,MCAS,Applied Physics,
2008,MCAS,Applied Physics,
2009,MCAS,Applied Physics,
2010,MCAS,Applied Physics,
2011,MCAS,Applied Physics,
2012,MCAS,Applied Physics,
2013,MCAS,Applied Physics,
2014,MCAS,Applied Physics,
2015,MCAS,Applied Physics,
2016,MCAS,Applied Physics,
2017,MCAS,Applied Physics,
2018,MCAS,Applied Physics,
2019,MCAS,Applied Physics,
2020,MCAS,Applied Physics,
2021,MCAS,Applied Physics,
2022,MCAS,Applied Physics,3
1990,MCAS,Art History,37
1991,MCAS,Art History,50
1992,MCAS,Art History,40
1993,MCAS,Art History,38
1994,MCAS,Art History,43
1995,MCAS,Art History,38
1996,MCAS,Art History,37
1997,MCAS,Art History,38
1998,MCAS,Art History,36
1999,MCAS,Art History,34
2000,MCAS,Art History,32
2001,MCAS,Art History,45
2002,MCAS,Art History,42
2003,MCAS,Art History,41
2004,MCAS,Art History,60
2005,MCAS,Art History,55
2006,MCAS,Art History,66
2007,MCAS,Art History,58
2008,MCAS,Art History,44
2009,MCAS,Art History,45
2010,MCAS,Art History,50
2011,MCAS,Art History,52
2012,MCAS,Art History,38
2013,MCAS,Art History,44
2014,MCAS,Art History,34
2015,MCAS,Art History,36
2016,MCAS,Art History,43
2017,MCAS,Art History,39
2018,MCAS,Art History,30
2019,MCAS,Art History,23
2020,MCAS,Art History,27
2021,MCAS,Art History,28
2022,MCAS,Art History,30
1990,MCAS,Biochemistry,52
1991,MCAS,Biochemistry,61
1992,MCAS,Biochemistry,67
1993,MCAS,Biochemistry,94
1994,MCAS,Biochemistry,108
1995,MCAS,Biochemistry,111
1996,MCAS,Biochemistry,115
1997,MCAS,Biochemistry,117
1998,MCAS,Biochemistry,97
1999,MCAS,Biochemistry,84
2000,MCAS,Biochemistry,83
2001,MCAS,Biochemistry,82
2002,MCAS,Biochemistry,95
2003,MCAS,Biochemistry,118
2004,MCAS,Biochemistry,125
2005,MCAS,Biochemistry,122
2006,MCAS,Biochemistry,127
2007,MCAS,Biochemistry,140
2008,MCAS,Biochemistry,126
2009,MCAS,Biochemistry,126
2010,MCAS,Biochemistry,150
2011,MCAS,Biochemistry,165
2012,MCAS,Biochemistry,213
2013,MCAS,Biochemistry,251
2014,MCAS,Biochemistry,270
2015,MCAS,Biochemistry,260
2016,MCAS,Biochemistry,261
2017,MCAS,Biochemistry,238
2018,MCAS,Biochemistry,254
2019,MCAS,Biochemistry,258
2020,MCAS,Biochemistry,210
2021,MCAS,Biochemistry,207
2022,MCAS,Biochemistry,188
1990,MCAS,Biology,417
1991,MCAS,Biology,502
1992,MCAS,Biology,537
1993,MCAS,Biology,618
1994,MCAS,Biology,671
1995,MCAS,Biology,752
1996,MCAS,Biology,734
1997,MCAS,Biology,665
1998,MCAS,Biology,543
1999,MCAS,Biology,539
2000,MCAS,Biology,481
2001,MCAS,Biology,443
2002,MCAS,Biology,465
2003,MCAS,Biology,494
2004,MCAS,Biology,581
2005,MCAS,Biology,650
2006,MCAS,Biology,641
2007,MCAS,Biology,662
2008,MCAS,Biology,662
2009,MCAS,Biology,681
2010,MCAS,Biology,773
2011,MCAS,Biology,827
2012,MCAS,Biology,823
2013,MCAS,Biology,795
2014,MCAS,Biology,865
2015,MCAS,Biology,860
2016,MCAS,Biology,888
2017,MCAS,Biology,927
2018,MCAS,Biology,958
2019,MCAS,Biology,936
2020,MCAS,Biology,880
2021,MCAS,Biology,870
2022,MCAS,Biology,883
1990,MCAS,Chemistry,43
1991,MCAS,Chemistry,57
1992,MCAS,Chemistry,67
1993,MCAS,Chemistry,94
1994,MCAS,Chemistry,90
1995,MCAS,Chemistry,100
1996,MCAS,Chemistry,89
1997,MCAS,Chemistry,84
1998,MCAS,Chemistry,90
1999,MCAS,Chemistry,94
2000,MCAS,Chemistry,84
2001,MCAS,Chemistry,89
2002,MCAS,Chemistry,102
2003,MCAS,Chemistry,98
2004,MCAS,Chemistry,86
2005,MCAS,Chemistry,75
2006,MCAS,Chemistry,97
2007,MCAS,Chemistry,118
2008,MCAS,Chemistry,116
2009,MCAS,Chemistry,136
2010,MCAS,Chemistry,113
2011,MCAS,Chemistry,117
2012,MCAS,Chemistry,138
2013,MCAS,Chemistry,138
2014,MCAS,Chemistry,160
2015,MCAS,Chemistry,142
2016,MCAS,Chemistry,112
2017,MCAS,Chemistry,104
2018,MCAS,Chemistry,121
2019,MCAS,Chemistry,115
2020,MCAS,Chemistry,99
2021,MCAS,Chemistry,105
2022,MCAS,Chemistry,94
1990,MCAS,Classics,18
1991,MCAS,Classics,17
1992,MCAS,Classics,20
1993,MCAS,Classics,17
1994,MCAS,Classics,20
1995,MCAS,Classics,20
1996,MCAS,Classics,20
1997,MCAS,Classics,24
1998,MCAS,Classics,19
1999,MCAS,Classics,15
2000,MCAS,Classics,11
2001,MCAS,Classics,21
2002,MCAS,Classics,17
2003,MCAS,Classics,26
2004,MCAS,Classics,33
2005,MCAS,Classics,32
2006,MCAS,Classics,37
2007,MCAS,Classics,23
2008,MCAS,Classics,22
2009,MCAS,Classics,28
2010,MCAS,Classics,22
2011,MCAS,Classics,26
2012,MCAS,Classics,30
2013,MCAS,Classics,18
2014,MCAS,Classics,27
2015,MCAS,Classics,28
2016,MCAS,Classics,17
2017,MCAS,Classics,16
2018,MCAS,Classics,24
2019,MCAS,Classics,24
2020,MCAS,Classics,21
2021,MCAS,Classics,26
2022,MCAS,Classics,31
1990,MCAS,Communication,568
1991,MCAS,Communication,515
1992,MCAS,Communication,500
1993,MCAS,Communication,480
1994,MCAS,Communication,533
1995,MCAS,Communication,522
1996,MCAS,Communication,499
1997,MCAS,Communication,542
1998,MCAS,Communication,624
1999,MCAS,Communication,734
2000,MCAS,Communication,865
2001,MCAS,Communication,945
2002,MCAS,Communication,963
2003,MCAS,Communication,925
2004,MCAS,Communication,943
2005,MCAS,Communication,953
2006,MCAS,Communication,945
2007,MCAS,Communication,826
2008,MCAS,Communication,843
2009,MCAS,Communication,944
2010,MCAS,Communication,895
2011,MCAS,Communication,916
2012,MCAS,Communication,890
2013,MCAS,Communication,844
2014,MCAS,Communication,791
2015,MCAS,Communication,763
2016,MCAS,Communication,787
2017,MCAS,Communication,751
2018,MCAS,Communication,757
2019,MCAS,Communication,678
2020,MCAS,Communication,647
2021,MCAS,Communication,615
2022,MCAS,Communication,570
1990,MCAS,Computer Science,51
1991,MCAS,Computer Science,53
1992,MCAS,Computer Science,54
1993,MCAS,Computer Science,77
1994,MCAS,Computer Science,82
1995,MCAS,Computer Science,97
1996,MCAS,Computer Science,118
1997,MCAS,Computer Science,133
1998,MCAS,Computer Science,181
1999,MCAS,Computer Science,202
2000,MCAS,Computer Science,200
2001,MCAS,Computer Science,189
2002,MCAS,Computer Science,139
2003,MCAS,Computer Science,108
2004,MCAS,Computer Science,93
2005,MCAS,Computer Science,68
2006,MCAS,Computer Science,57
2007,MCAS,Computer Science,47
2008,MCAS,Computer Science,49
2009,MCAS,Computer Science,56
2010,MCAS,Computer Science,52
2011,MCAS,Computer Science,67
2012,MCAS,Computer Science,72
2013,MCAS,Computer Science,113
2014,MCAS,Computer Science,154
2015,MCAS,Computer Science,182
2016,MCAS,Computer Science,238
2017,MCAS,Computer Science,323
2018,MCAS,Computer Science,374
2019,MCAS,Computer Science,452
2020,MCAS,Computer Science,484
2021,MCAS,Computer Science,486
2022,MCAS,Computer Science,555
1990,MCAS,Economics,531
1991,MCAS,Economics,453
1992,MCAS,Economics,361
1993,MCAS,Economics,322
1994,MCAS,Economics,345
1995,MCAS,Economics,356
1996,MCAS,Economics,364
1997,MCAS,Economics,404
1998,MCAS,Economics,430
1999,MCAS,Economics,402
2000,MCAS,Economics,382
2001,MCAS,Economics,374
2002,MCAS,Economics,398
2003,MCAS,Economics,417
2004,MCAS,Economics,411
2005,MCAS,Economics,445
2006,MCAS,Economics,472
2007,MCAS,Economics,551
2008,MCAS,Economics,643
2009,MCAS,Economics,667
2010,MCAS,Economics,664
2011,MCAS,Economics,690
2012,MCAS,Economics,706
2013,MCAS,Economics,797
2014,MCAS,Economics,917
2015,MCAS,Economics,1031
2016,MCAS,Economics,1138
2017,MCAS,Economics,1162
2018,MCAS,Economics,1094
2019,MCAS,Economics,1042
2020,MCAS,Economics,1125
2021,MCAS,Economics,1090
2022,MCAS,Economics,1186
1990,MCAS,"Engineering, Human-Centered",
1991,MCAS,"Engineering, Human-Centered",
1992,MCAS,"Engineering, Human-Centered",
1993,MCAS,"Engineering, Human-Centered",
1994,MCAS,"Engineering, Human-Centered",
1995,MCAS,"Engineering, Human-Centered",
1996,MCAS,"Engineering, Human-Centered",
1997,MCAS,"Engineering, Human-Centered",
1998,MCAS,"Engineering, Human-Centered",
1999,MCAS,"Engineering, Human-Centered",
2000,MCAS,"Engineering, Human-Centered",
2001,MCAS,"Engineering, Human-Centered",
2002,MCAS,"Engineering, Human-Centered",
2003,MCAS,"Engineering, Human-Centered",
2004,MCAS,"Engineering, Human-Centered",
2005,MCAS,"Engineering, Human-Centered",
2006,MCAS,"Engineering, Human-Centered",
2007,MCAS,"Engineering, Human-Centered",
2008,MCAS,"Engineering, Human-Centered",
2009,MCAS,"Engineering, Human-Centered",
2010,MCAS,"Engineering, Human-Centered",
2011,MCAS,"Engineering, Human-Centered",
2012,MCAS,"Engineering, Human-Centered",
2013,MCAS,"Engineering, Human-Centered",
2014,MCAS,"Engineering, Human-Centered",
2015,MCAS,"Engineering, Human-Centered",
2016,MCAS,"Engineering, Human-Centered",
2017,MCAS,"Engineering, Human-Centered",
2018,MCAS,"Engineering, Human-Centered",
2019,MCAS,"Engineering, Human-Centered",
2020,MCAS,"Engineering, Human-Centered",
2021,MCAS,"Engineering, Human-Centered",29
2022,MCAS,"Engineering, Human-Centered",83
1990,MCAS,English,1015
1991,MCAS,English,1018
1992,MCAS,English,965
1993,MCAS,English,955
1994,MCAS,English,925
1995,MCAS,English,927
1996,MCAS,English,935
1997,MCAS,English,931
1998,MCAS,English,868
1999,MCAS,English,906
2000,MCAS,English,863
2001,MCAS,English,845
2002,MCAS,English,770
2003,MCAS,English,758
2004,MCAS,English,814
2005,MCAS,English,814
2006,MCAS,English,770
2007,MCAS,English,720
2008,MCAS,English,652
2009,MCAS,English,647
2010,MCAS,English,666
2011,MCAS,English,665
2012,MCAS,English,622
2013,MCAS,English,559
2014,MCAS,English,515
2015,MCAS,English,466
2016,MCAS,English,431
2017,MCAS,English,433
2018,MCAS,English,408
2019,MCAS,English,394
2020,MCAS,English,295
2021,MCAS,English,275
2022,MCAS,English,289
1990,MCAS,Environmental Geosciences,
1991,MCAS,Environmental Geosciences,
1992,MCAS,Environmental Geosciences,
1993,MCAS,Environmental Geosciences,
1994,MCAS,Environmental Geosciences,
1995,MCAS,Environmental Geosciences,
1996,MCAS,Environmental Geosciences,
1997,MCAS,Environmental Geosciences,
1998,MCAS,Environmental Geosciences,
1999,MCAS,Environmental Geosciences,
2000,MCAS,Environmental Geosciences,
2001,MCAS,Environmental Geosciences,
2002,MCAS,Environmental Geosciences,
2003,MCAS,Environmental Geosciences,
2004,MCAS,Environmental Geosciences,
2005,MCAS,Environmental Geosciences,
2006,MCAS,Environmental Geosciences,
2007,MCAS,Environmental Geosciences,
2008,MCAS,Environmental Geosciences,
2009,MCAS,Environmental Geosciences,
2010,MCAS,Environmental Geosciences,
2011,MCAS,Environmental Geosciences,
2012,MCAS,Environmental Geosciences,
2013,MCAS,Environmental Geosciences,
2014,MCAS,Environmental Geosciences,
2015,MCAS,Environmental Geosciences,
2016,MCAS,Environmental Geosciences,39
2017,MCAS,Environmental Geosciences,38
2018,MCAS,Environmental Geosciences,41
2019,MCAS,Environmental Geosciences,40
2020,MCAS,Environmental Geosciences,46
2021,MCAS,Environmental Geosciences,46
2022,MCAS,Environmental Geosciences,43
1990,MCAS,Environmental Studies,
1991,MCAS,Environmental Studies,
1992,MCAS,Environmental Studies,
1993,MCAS,Environmental Studies,
1994,MCAS,Environmental Studies,
1995,MCAS,Environmental Studies,
1996,MCAS,Environmental Studies,
1997,MCAS,Environmental Studies,
1998,MCAS,Environmental Studies,
1999,MCAS,Environmental Studies,
2000,MCAS,Environmental Studies,
2001,MCAS,Environmental Studies,
2002,MCAS,Environmental Studies,
2003,MCAS,Environmental Studies,
2004,MCAS,Environmental Studies,
2005,MCAS,Environmental Studies,
2006,MCAS,Environmental Studies,
2007,MCAS,Environmental Studies,
2008,MCAS,Environmental Studies,
2009,MCAS,Environmental Studies,
2010,MCAS,Environmental Studies,
2011,MCAS,Environmental Studies,
2012,MCAS,Environmental Studies,
2013,MCAS,Environmental Studies,
2014,MCAS,Environmental Studies,15
2015,MCAS,Environmental Studies,26
2016,MCAS,Environmental Studies,48
2017,MCAS,Environmental Studies,46
2018,MCAS,Environmental Studies,56
2019,MCAS,Environmental Studies,67
2020,MCAS,Environmental Studies,81
2021,MCAS,Environmental Studies,83
2022,MCAS,Environmental Studies,91
1990,MCAS,Film Studies,
1991,MCAS,Film Studies,
1992,MCAS,Film Studies,
1993,MCAS,Film Studies,
1994,MCAS,Film Studies,
1995,MCAS,Film Studies,
1996,MCAS,Film Studies,
1997,MCAS,Film Studies,
1998,MCAS,Film Studies,
1999,MCAS,Film Studies,
2000,MCAS,Film Studies,10
2001,MCAS,Film Studies,32
2002,MCAS,Film Studies,46
2003,MCAS,Film Studies,45
2004,MCAS,Film Studies,50
2005,MCAS,Film Studies,51
2006,MCAS,Film Studies,51
2007,MCAS,Film Studies,41
2008,MCAS,Film Studies,34
2009,MCAS,Film Studies,53
2010,MCAS,Film Studies,49
2011,MCAS,Film Studies,43
2012,MCAS,Film Studies,48
2013,MCAS,Film Studies,41
2014,MCAS,Film Studies,40
2015,MCAS,Film Studies,45
2016,MCAS,Film Studies,24
2017,MCAS,Film Studies,25
2018,MCAS,Film Studies,37
2019,MCAS,Film Studies,42
2020,MCAS,Film Studies,53
2021,MCAS,Film Studies,45
2022,MCAS,Film Studies,31
1990,MCAS,French,62
1991,MCAS,French,50
1992,MCAS,French,63
1993,MCAS,French,51
1994,MCAS,French,54
1995,MCAS,French,50
1996,MCAS,French,43
1997,MCAS,French,39
1998,MCAS,French,45
1999,MCAS,French,50
2000,MCAS,French,56
2001,MCAS,French,47
2002,MCAS,French,49
2003,MCAS,French,46
2004,MCAS,French,34
2005,MCAS,French,42
2006,MCAS,French,43
2007,MCAS,French,35
2008,MCAS,French,42
2009,MCAS,French,53
2010,MCAS,French,51
2011,MCAS,French,59
2012,MCAS,French,42
2013,MCAS,French,28
2014,MCAS,French,27
2015,MCAS,French,23
2016,MCAS,French,23
2017,MCAS,French,23
2018,MCAS,French,21
2019,MCAS,French,13
2020,MCAS,French,15
2021,MCAS,French,16
2022,MCAS,French,17
1990,MCAS,Geological Sci./Environmental Geosciences,33
1991,MCAS,Geological Sci./Environmental Geosciences,55
1992,MCAS,Geological Sci./Environmental Geosciences,54
1993,MCAS,Geological Sci./Environmental Geosciences,55
1994,MCAS,Geological Sci./Environmental Geosciences,87
1995,MCAS,Geological Sci./Environmental Geosciences,82
1996,MCAS,Geological Sci./Environmental Geosciences,80
1997,MCAS,Geological Sci./Environmental Geosciences,73
1998,MCAS,Geological Sci./Environmental Geosciences,66
1999,MCAS,Geological Sci./Environmental Geosciences,58
2000,MCAS,Geological Sci./Environmental Geosciences,52
2001,MCAS,Geological Sci./Environmental Geosciences,42
2002,MCAS,Geological Sci./Environmental Geosciences,30
2003,MCAS,Geological Sci./Environmental Geosciences,29
2004,MCAS,Geological Sci./Environmental Geosciences,31
2005,MCAS,Geological Sci./Environmental Geosciences,33
2006,MCAS,Geological Sci./Environmental Geosciences,39
2007,MCAS,Geological Sci./Environmental Geosciences,44
2008,MCAS,Geological Sci./Environmental Geosciences,58
2009,MCAS,Geological Sci./Environmental Geosciences,78
2010,MCAS,Geological Sci./Environmental Geosciences,77
2011,MCAS,Geological Sci./Environmental Geosciences,78
2012,MCAS,Geological Sci./Environmental Geosciences,77
2013,MCAS,Geological Sci./Environmental Geosciences,77
2014,MCAS,Geological Sci./Environmental Geosciences,97
2015,MCAS,Geological Sci./Environmental Geosciences,70
2016,MCAS,Geological Sci./Environmental Geosciences,
2017,MCAS,Geological Sci./Environmental Geosciences,
2018,MCAS,Geological Sci./Environmental Geosciences,
2019,MCAS,Geological Sci./Environmental Geosciences,
2020,MCAS,Geological Sci./Environmental Geosciences,
2021,MCAS,Geological Sci./Environmental Geosciences,
2022,MCAS,Geological Sci./Environmental Geosciences,
1990,MCAS,Geological Sciences,
1991,MCAS,Geological Sciences,
1992,MCAS,Geological Sciences,
1993,MCAS,Geological Sciences,
1994,MCAS,Geological Sciences,
1995,MCAS,Geological Sciences,
1996,MCAS,Geological Sciences,
1997,MCAS,Geological Sciences,
1998,MCAS,Geological Sciences,
1999,MCAS,Geological Sciences,
2000,MCAS,Geological Sciences,
2001,MCAS,Geological Sciences,
2002,MCAS,Geological Sciences,
2003,MCAS,Geological Sciences,
2004,MCAS,Geological Sciences,
2005,MCAS,Geological Sciences,
2006,MCAS,Geological Sciences,
2007,MCAS,Geological Sciences,
2008,MCAS,Geological Sciences,
2009,MCAS,Geological Sciences,
2010,MCAS,Geological Sciences,
2011,MCAS,Geological Sciences,
2012,MCAS,Geological Sciences,
2013,MCAS,Geological Sciences,
2014,MCAS,Geological Sciences,
2015,MCAS,Geological Sciences,
2016,MCAS,Geological Sciences,11
2017,MCAS,Geological Sciences,9
2018,MCAS,Geological Sciences,11
2019,MCAS,Geological Sciences,3
2020,MCAS,Geological Sciences,4
2021,MCAS,Geological Sciences,7
2022,MCAS,Geological Sciences,7
1990,MCAS,German,16
1991,MCAS,German,14
1992,MCAS,German,13
1993,MCAS,German,14
1994,MCAS,German,13
1995,MCAS,German,9
1996,MCAS,German,6
1997,MCAS,German,14
1998,MCAS,German,8
1999,MCAS,German,11
2000,MCAS,German,10
2001,MCAS,German,3
2002,MCAS,German,7
2003,MCAS,German,12
2004,MCAS,German,16
2005,MCAS,German,26
2006,MCAS,German,27
2007,MCAS,German,18
2008,MCAS,German,19
2009,MCAS,German,14
2010,MCAS,German,12
2011,MCAS,German,9
2012,MCAS,German,6
2013,MCAS,German,11
2014,MCAS,German,10
2015,MCAS,German,9
2016,MCAS,German,12
2017,MCAS,German,15
2018,MCAS,German,7
2019,MCAS,German,4
2020,MCAS,German,4
2021,MCAS,German,4
2022,MCAS,German,7
1990,MCAS,Hispanic Studies,63
1991,MCAS,Hispanic Studies,63
1992,MCAS,Hispanic Studies,74
1993,MCAS,Hispanic Studies,67
1994,MCAS,Hispanic Studies,65
1995,MCAS,Hispanic Studies,76
1996,MCAS,Hispanic Studies,71
1997,MCAS,Hispanic Studies,74
1998,MCAS,Hispanic Studies,65
1999,MCAS,Hispanic Studies,60
2000,MCAS,Hispanic Studies,49
2001,MCAS,Hispanic Studies,46
2002,MCAS,Hispanic Studies,57
2003,MCAS,Hispanic Studies,67
2004,MCAS,Hispanic Studies,60
2005,MCAS,Hispanic Studies,66
2006,MCAS,Hispanic Studies,69
2007,MCAS,Hispanic Studies,85
2008,MCAS,Hispanic Studies,85
2009,MCAS,Hispanic Studies,80
2010,MCAS,Hispanic Studies,75
2011,MCAS,Hispanic Studies,82
2012,MCAS,Hispanic Studies,61
2013,MCAS,Hispanic Studies,42
2014,MCAS,Hispanic Studies,55
2015,MCAS,Hispanic Studies,34
2016,MCAS,Hispanic Studies,42
2017,MCAS,Hispanic Studies,34
2018,MCAS,Hispanic Studies,29
2019,MCAS,Hispanic Studies,21
2020,MCAS,Hispanic Studies,20
2021,MCAS,Hispanic Studies,15
2022,MCAS,Hispanic Studies,15
1990,MCAS,History,403
1991,MCAS,History,424
1992,MCAS,History,410
1993,MCAS,History,400
1994,MCAS,History,398
1995,MCAS,History,411
1996,MCAS,History,379
1997,MCAS,History,392
1998,MCAS,History,410
1999,MCAS,History,431
2000,MCAS,History,451
2001,MCAS,History,465
2002,MCAS,History,530
2003,MCAS,History,560
2004,MCAS,History,595
2005,MCAS,History,627
2006,MCAS,History,618
2007,MCAS,History,588
2008,MCAS,History,564
2009,MCAS,History,514
2010,MCAS,History,435
2011,MCAS,History,428
2012,MCAS,History,359
2013,MCAS,History,312
2014,MCAS,History,299
2015,MCAS,History,291
2016,MCAS,History,277
2017,MCAS,History,256
2018,MCAS,History,245
2019,MCAS,History,238
2020,MCAS,History,241
2021,MCAS,History,222
2022,MCAS,History,224
1990,MCAS,Independent,5
1991,MCAS,Independent,9
1992,MCAS,Independent,13
1993,MCAS,Independent,17
1994,MCAS,Independent,12
1995,MCAS,Independent,4
1996,MCAS,Independent,2
1997,MCAS,Independent,1
1998,MCAS,Independent,3
1999,MCAS,Independent,2
2000,MCAS,Independent,5
2001,MCAS,Independent,3
2002,MCAS,Independent,1
2003,MCAS,Independent,
2004,MCAS,Independent,
2005,MCAS,Independent,
2006,MCAS,Independent,
2007,MCAS,Independent,
2008,MCAS,Independent,1
2009,MCAS,Independent,1
2010,MCAS,Independent,3
2011,MCAS,Independent,1
2012,MCAS,Independent,0
2013,MCAS,Independent,0
2014,MCAS,Independent,0
2015,MCAS,Independent,0
2016,MCAS,Independent,0
2017,MCAS,Independent,0
2018,MCAS,Independent,1
2019,MCAS,Independent,1
2020,MCAS,Independent,1
2021,MCAS,Independent,2
2022,MCAS,Independent,12
1990,MCAS,International Studies,
1991,MCAS,International Studies,
1992,MCAS,International Studies,
1993,MCAS,International Studies,
1994,MCAS,International Studies,
1995,MCAS,International Studies,
1996,MCAS,International Studies,40
1997,MCAS,International Studies,67
1998,MCAS,International Studies,64
1999,MCAS,International Studies,56
2000,MCAS,International Studies,45
2001,MCAS,International Studies,31
2002,MCAS,International Studies,32
2003,MCAS,International Studies,35
2004,MCAS,International Studies,57
2005,MCAS,International Studies,82
2006,MCAS,International Studies,78
2007,MCAS,International Studies,96
2008,MCAS,International Studies,132
2009,MCAS,International Studies,132
2010,MCAS,International Studies,130
2011,MCAS,International Studies,213
2012,MCAS,International Studies,211
2013,MCAS,International Studies,212
2014,MCAS,International Studies,232
2015,MCAS,International Studies,244
2016,MCAS,International Studies,248
2017,MCAS,International Studies,253
2018,MCAS,International Studies,267
2019,MCAS,International Studies,261
2020,MCAS,International Studies,278
2021,MCAS,International Studies,263
2022,MCAS,International Studies,254
1990,MCAS,Islamic Civilization & Societies,
1991,MCAS,Islamic Civilization & Societies,
1992,MCAS,Islamic Civilization & Societies,
1993,MCAS,Islamic Civilization & Societies,
1994,MCAS,Islamic Civilization & Societies,
1995,MCAS,Islamic Civilization & Societies,
1996,MCAS,Islamic Civilization & Societies,
1997,MCAS,Islamic Civilization & Societies,
1998,MCAS,Islamic Civilization & Societies,
1999,MCAS,Islamic Civilization & Societies,
2000,MCAS,Islamic Civilization & Societies,
2001,MCAS,Islamic Civilization & Societies,
2002,MCAS,Islamic Civilization & Societies,
2003,MCAS,Islamic Civilization & Societies,
2004,MCAS,Islamic Civilization & Societies,
2005,MCAS,Islamic Civilization & Societies,
2006,MCAS,Islamic Civilization & Societies,
2007,MCAS,Islamic Civilization & Societies,
2008,MCAS,Islamic Civilization & Societies,19
2009,MCAS,Islamic Civilization & Societies,25
2010,MCAS,Islamic Civilization & Societies,27
2011,MCAS,Islamic Civilization & Societies,26
2012,MCAS,Islamic Civilization & Societies,26
2013,MCAS,Islamic Civilization & Societies,22
2014,MCAS,Islamic Civilization & Societies,25
2015,MCAS,Islamic Civilization & Societies,19
2016,MCAS,Islamic Civilization & Societies,20
2017,MCAS,Islamic Civilization & Societies,16
2018,MCAS,Islamic Civilization & Societies,12
2019,MCAS,Islamic Civilization & Societies,15
2020,MCAS,Islamic Civilization & Societies,13
2021,MCAS,Islamic Civilization & Societies,6
2022,MCAS,Islamic Civilization & Societies,6
1990,MCAS,Italian,13
1991,MCAS,Italian,7
1992,MCAS,Italian,5
1993,MCAS,Italian,9
1994,MCAS,Italian,5
1995,MCAS,Italian,4
1996,MCAS,Italian,5
1997,MCAS,Italian,7
1998,MCAS,Italian,6
1999,MCAS,Italian,4
2000,MCAS,Italian,5
2001,MCAS,Italian,3
2002,MCAS,Italian,5
2003,MCAS,Italian,2
2004,MCAS,Italian,7
2005,MCAS,Italian,11
2006,MCAS,Italian,8
2007,MCAS,Italian,8
2008,MCAS,Italian,9
2009,MCAS,Italian,8
2010,MCAS,Italian,4
2011,MCAS,Italian,4
2012,MCAS,Italian,3
2013,MCAS,Italian,2
2014,MCAS,Italian,3
2015,MCAS,Italian,3
2016,MCAS,Italian,0
2017,MCAS,Italian,1
2018,MCAS,Italian,4
2019,MCAS,Italian,3
2020,MCAS,Italian,4
2021,MCAS,Italian,5
2022,MCAS,Italian,5
1990,MCAS,Linguistics,
1991,MCAS,Linguistics,
1992,MCAS,Linguistics,
1993,MCAS,Linguistics,
1994,MCAS,Linguistics,
1995,MCAS,Linguistics,
1996,MCAS,Linguistics,
1997,MCAS,Linguistics,
1998,MCAS,Linguistics,
1999,MCAS,Linguistics,
2000,MCAS,Linguistics,
2001,MCAS,Linguistics,
2002,MCAS,Linguistics,
2003,MCAS,Linguistics,
2004,MCAS,Linguistics,
2005,MCAS,Linguistics,
2006,MCAS,Linguistics,
2007,MCAS,Linguistics,
2008,MCAS,Linguistics,
2009,MCAS,Linguistics,
2010,MCAS,Linguistics,37
2011,MCAS,Linguistics,23
2012,MCAS,Linguistics,33
2013,MCAS,Linguistics,28
2014,MCAS,Linguistics,24
2015,MCAS,Linguistics,30
2016,MCAS,Linguistics,32
2017,MCAS,Linguistics,20
2018,MCAS,Linguistics,18
2019,MCAS,Linguistics,19
2020,MCAS,Linguistics,16
2021,MCAS,Linguistics,24
2022,MCAS,Linguistics,20
1990,MCAS,Mathematics,221
1991,MCAS,Mathematics,209
1992,MCAS,Mathematics,176
1993,MCAS,Mathematics,166
1994,MCAS,Mathematics,178
1995,MCAS,Mathematics,176
1996,MCAS,Mathematics,190
1997,MCAS,Mathematics,168
1998,MCAS,Mathematics,123
1999,MCAS,Mathematics,148
2000,MCAS,Mathematics,135
2001,MCAS,Mathematics,134
2002,MCAS,Mathematics,194
2003,MCAS,Mathematics,200
2004,MCAS,Mathematics,196
2005,MCAS,Mathematics,190
2006,MCAS,Mathematics,177
2007,MCAS,Mathematics,179
2008,MCAS,Mathematics,195
2009,MCAS,Mathematics,219
2010,MCAS,Mathematics,234
2011,MCAS,Mathematics,251
2012,MCAS,Mathematics,237
2013,MCAS,Mathematics,226
2014,MCAS,Mathematics,298
2015,MCAS,Mathematics,315
2016,MCAS,Mathematics,348
2017,MCAS,Mathematics,333
2018,MCAS,Mathematics,329
2019,MCAS,Mathematics,332
2020,MCAS,Mathematics,301
2021,MCAS,Mathematics,266
2022,MCAS,Mathematics,255
1990,MCAS,Music,5
1991,MCAS,Music,8
1992,MCAS,Music,15
1993,MCAS,Music,26
1994,MCAS,Music,26
1995,MCAS,Music,21
1996,MCAS,Music,19
1997,MCAS,Music,23
1998,MCAS,Music,26
1999,MCAS,Music,23
2000,MCAS,Music,22
2001,MCAS,Music,29
2002,MCAS,Music,32
2003,MCAS,Music,31
2004,MCAS,Music,36
2005,MCAS,Music,43
2006,MCAS,Music,42
2007,MCAS,Music,46
2008,MCAS,Music,45
2009,MCAS,Music,40
2010,MCAS,Music,35
2011,MCAS,Music,30
2012,MCAS,Music,27
2013,MCAS,Music,22
2014,MCAS,Music,23
2015,MCAS,Music,35
2016,MCAS,Music,24
2017,MCAS,Music,19
2018,MCAS,Music,24
2019,MCAS,Music,23
2020,MCAS,Music,31
2021,MCAS,Music,29
2022,MCAS,Music,18
1990,MCAS,Neuroscience,
1991,MCAS,Neuroscience,
1992,MCAS,Neuroscience,
1993,MCAS,Neuroscience,
1994,MCAS,Neuroscience,
1995,MCAS,Neuroscience,
1996,MCAS,Neuroscience,
1997,MCAS,Neuroscience,
1998,MCAS,Neuroscience,
1999,MCAS,Neuroscience,
2000,MCAS,Neuroscience,
2001,MCAS,Neuroscience,
2002,MCAS,Neuroscience,
2003,MCAS,Neuroscience,
2004,MCAS,Neuroscience,
2005,MCAS,Neuroscience,
2006,MCAS,Neuroscience,
2007,MCAS,Neuroscience,
2008,MCAS,Neuroscience,
2009,MCAS,Neuroscience,
2010,MCAS,Neuroscience,
2011,MCAS,Neuroscience,
2012,MCAS,Neuroscience,
2013,MCAS,Neuroscience,
2014,MCAS,Neuroscience,
2015,MCAS,Neuroscience,
2016,MCAS,Neuroscience,
2017,MCAS,Neuroscience,
2018,MCAS,Neuroscience,
2019,MCAS,Neuroscience,97
2020,MCAS,Neuroscience,294
2021,MCAS,Neuroscience,383
2022,MCAS,Neuroscience,411
1990,MCAS,Philosophy,246
1991,MCAS,Philosophy,252
1992,MCAS,Philosophy,191
1993,MCAS,Philosophy,181
1994,MCAS,Philosophy,182
1995,MCAS,Philosophy,198
1996,MCAS,Philosophy,178
1997,MCAS,Philosophy,158
1998,MCAS,Philosophy,166
1999,MCAS,Philosophy,193
2000,MCAS,Philosophy,211
2001,MCAS,Philosophy,230
2002,MCAS,Philosophy,261
2003,MCAS,Philosophy,252
2004,MCAS,Philosophy,255
2005,MCAS,Philosophy,282
2006,MCAS,Philosophy,270
2007,MCAS,Philosophy,256
2008,MCAS,Philosophy,255
2009,MCAS,Philosophy,255
2010,MCAS,Philosophy,240
2011,MCAS,Philosophy,218
2012,MCAS,Philosophy,206
2013,MCAS,Philosophy,188
2014,MCAS,Philosophy,165
2015,MCAS,Philosophy,186
2016,MCAS,Philosophy,188
2017,MCAS,Philosophy,180
2018,MCAS,Philosophy,174
2019,MCAS,Philosophy,209
2020,MCAS,Philosophy,231
2021,MCAS,Philosophy,221
2022,MCAS,Philosophy,192
1990,MCAS,Physics,34
1991,MCAS,Physics,34
1992,MCAS,Physics,25
1993,MCAS,Physics,33
1994,MCAS,Physics,29
1995,MCAS,Physics,28
1996,MCAS,Physics,33
1997,MCAS,Physics,18
1998,MCAS,Physics,29
1999,MCAS,Physics,33
2000,MCAS,Physics,36
2001,MCAS,Physics,34
2002,MCAS,Physics,46
2003,MCAS,Physics,50
2004,MCAS,Physics,61
2005,MCAS,Physics,47
2006,MCAS,Physics,62
2007,MCAS,Physics,73
2008,MCAS,Physics,75
2009,MCAS,Physics,88
2010,MCAS,Physics,69
2011,MCAS,Physics,79
2012,MCAS,Physics,105
2013,MCAS,Physics,96
2014,MCAS,Physics,99
2015,MCAS,Physics,87
2016,MCAS,Physics,93
2017,MCAS,Physics,108
2018,MCAS,Physics,107
2019,MCAS,Physics,79
2020,MCAS,Physics,64
2021,MCAS,Physics,62
2022,MCAS,Physics,53
1990,MCAS,Political Science,823
1991,MCAS,Political Science,846
1992,MCAS,Political Science,783
1993,MCAS,Political Science,773
1994,MCAS,Political Science,781
1995,MCAS,Political Science,747
1996,MCAS,Political Science,700
1997,MCAS,Political Science,671
1998,MCAS,Political Science,618
1999,MCAS,Political Science,649
2000,MCAS,Political Science,626
2001,MCAS,Political Science,646
2002,MCAS,Political Science,669
2003,MCAS,Political Science,693
2004,MCAS,Political Science,796
2005,MCAS,Political Science,801
2006,MCAS,Political Science,777
2007,MCAS,Political Science,713
2008,MCAS,Political Science,672
2009,MCAS,Political Science,714
2010,MCAS,Political Science,662
2011,MCAS,Political Science,677
2012,MCAS,Political Science,633
2013,MCAS,Political Science,656
2014,MCAS,Political Science,747
2015,MCAS,Political Science,726
2016,MCAS,Political Science,819
2017,MCAS,Political Science,893
2018,MCAS,Political Science,873
2019,MCAS,Political Science,867
2020,MCAS,Political Science,824
2021,MCAS,Political Science,769
2022,MCAS,Political Science,743
1990,MCAS,Psychology,516
1991,MCAS,Psychology,528
1992,MCAS,Psychology,562
1993,MCAS,Psychology,650
1994,MCAS,Psychology,715
1995,MCAS,Psychology,743
1996,MCAS,Psychology,736
1997,MCAS,Psychology,694
1998,MCAS,Psychology,703
1999,MCAS,Psychology,764
2000,MCAS,Psychology,684
2001,MCAS,Psychology,660
2002,MCAS,Psychology,617
2003,MCAS,Psychology,492
2004,MCAS,Psychology,428
2005,MCAS,Psychology,425
2006,MCAS,Psychology,450
2007,MCAS,Psychology,485
2008,MCAS,Psychology,472
2009,MCAS,Psychology,496
2010,MCAS,Psychology,542
2011,MCAS,Psychology,577
2012,MCAS,Psychology,569
2013,MCAS,Psychology,529
2014,MCAS,Psychology,527
2015,MCAS,Psychology,515
2016,MCAS,Psychology,492
2017,MCAS,Psychology,485
2018,MCAS,Psychology,506
2019,MCAS,Psychology,470
2020,MCAS,Psychology,445
2021,MCAS,Psychology,548
2022,MCAS,Psychology,571
1990,MCAS,Russian,
1991,MCAS,Russian,
1992,MCAS,Russian,
1993,MCAS,Russian,
1994,MCAS,Russian,
1995,MCAS,Russian,
1996,MCAS,Russian,
1997,MCAS,Russian,
1998,MCAS,Russian,
1999,MCAS,Russian,
2000,MCAS,Russian,
2001,MCAS,Russian,
2002,MCAS,Russian,
2003,MCAS,Russian,
2004,MCAS,Russian,
2005,MCAS,Russian,
2006,MCAS,Russian,
2007,MCAS,Russian,
2008,MCAS,Russian,
2009,MCAS,Russian,
2010,MCAS,Russian,6
2011,MCAS,Russian,3
2012,MCAS,Russian,4
2013,MCAS,Russian,3
2014,MCAS,Russian,1
2015,MCAS,Russian,1
2016,MCAS,Russian,1
2017,MCAS,Russian,1
2018,MCAS,Russian,4
2019,MCAS,Russian,5
2020,MCAS,Russian,6
2021,MCAS,Russian,7
2022,MCAS,Russian,7
1990,MCAS,Slavic & Eastern Languages,15
1991,MCAS,Slavic & Eastern Languages,16
1992,MCAS,Slavic & Eastern Languages,20
1993,MCAS,Slavic & Eastern Languages,13
1994,MCAS,Slavic & Eastern Languages,18
1995,MCAS,Slavic & Eastern Languages,18
1996,MCAS,Slavic & Eastern Languages,12
1997,MCAS,Slavic & Eastern Languages,8
1998,MCAS,Slavic & Eastern Languages,11
1999,MCAS,Slavic & Eastern Languages,11
2000,MCAS,Slavic & Eastern Languages,7
2001,MCAS,Slavic & Eastern Languages,5
2002,MCAS,Slavic & Eastern Languages,12
2003,MCAS,Slavic & Eastern Languages,15
2004,MCAS,Slavic & Eastern Languages,15
2005,MCAS,Slavic & Eastern Languages,21
2006,MCAS,Slavic & Eastern Languages,34
2007,MCAS,Slavic & Eastern Languages,40
2008,MCAS,Slavic & Eastern Languages,39
2009,MCAS,Slavic & Eastern Languages,48
2010,MCAS,Slavic & Eastern Languages,
2011,MCAS,Slavic & Eastern Languages,
2012,MCAS,Slavic & Eastern Languages,
2013,MCAS,Slavic & Eastern Languages,
2014,MCAS,Slavic & Eastern Languages,
2015,MCAS,Slavic & Eastern Languages,
2016,MCAS,Slavic & Eastern Languages,
2017,MCAS,Slavic & Eastern Languages,
2018,MCAS,Slavic & Eastern Languages,
2019,MCAS,Slavic & Eastern Languages,
2020,MCAS,Slavic & Eastern Languages,
2021,MCAS,Slavic & Eastern Languages,
2022,MCAS,Slavic & Eastern Languages,
1990,MCAS,Slavic Studies,
1991,MCAS,Slavic Studies,
1992,MCAS,Slavic Studies,
1993,MCAS,Slavic Studies,
1994,MCAS,Slavic Studies,
1995,MCAS,Slavic Studies,
1996,MCAS,Slavic Studies,
1997,MCAS,Slavic Studies,
1998,MCAS,Slavic Studies,
1999,MCAS,Slavic Studies,
2000,MCAS,Slavic Studies,
2001,MCAS,Slavic Studies,
2002,MCAS,Slavic Studies,
2003,MCAS,Slavic Studies,
2004,MCAS,Slavic Studies,
2005,MCAS,Slavic Studies,
2006,MCAS,Slavic Studies,
2007,MCAS,Slavic Studies,
2008,MCAS,Slavic Studies,
2009,MCAS,Slavic Studies,
2010,MCAS,Slavic Studies,10
2011,MCAS,Slavic Studies,11
2012,MCAS,Slavic Studies,6
2013,MCAS,Slavic Studies,3
2014,MCAS,Slavic Studies,3
2015,MCAS,Slavic Studies,4
2016,MCAS,Slavic Studies,3
2017,MCAS,Slavic Studies,4
2018,MCAS,Slavic Studies,2
2019,MCAS,Slavic Studies,1
2020,MCAS,Slavic Studies,2
2021,MCAS,Slavic Studies,1
2022,MCAS,Slavic Studies,
1990,MCAS,Sociology,148
1991,MCAS,Sociology,172
1992,MCAS,Sociology,177
1993,MCAS,Sociology,229
1994,MCAS,Sociology,255
1995,MCAS,Sociology,245
1996,MCAS,Sociology,233
1997,MCAS,Sociology,239
1998,MCAS,Sociology,238
1999,MCAS,Sociology,249
2000,MCAS,Sociology,219
2001,MCAS,Sociology,219
2002,MCAS,Sociology,247
2003,MCAS,Sociology,232
2004,MCAS,Sociology,202
2005,MCAS,Sociology,170
2006,MCAS,Sociology,204
2007,MCAS,Sociology,241
2008,MCAS,Sociology,223
2009,MCAS,Sociology,222
2010,MCAS,Sociology,200
2011,MCAS,Sociology,191
2012,MCAS,Sociology,231
2013,MCAS,Sociology,222
2014,MCAS,Sociology,193
2015,MCAS,Sociology,158
2016,MCAS,Sociology,175
2017,MCAS,Sociology,179
2018,MCAS,Sociology,161
2019,MCAS,Sociology,173
2020,MCAS,Sociology,166
2021,MCAS,Sociology,188
2022,MCAS,Sociology,164
1990,MCAS,Studio Art,23
1991,MCAS,Studio Art,32
1992,MCAS,Studio Art,32
1993,MCAS,Studio Art,23
1994,MCAS,Studio Art,29
1995,MCAS,Studio Art,41
1996,MCAS,Studio Art,48
1997,MCAS,Studio Art,34
1998,MCAS,Studio Art,41
1999,MCAS,Studio Art,44
2000,MCAS,Studio Art,42
2001,MCAS,Studio Art,40
2002,MCAS,Studio Art,41
2003,MCAS,Studio Art,42
2004,MCAS,Studio Art,42
2005,MCAS,Studio Art,35
2006,MCAS,Studio Art,34
2007,MCAS,Studio Art,37
2008,MCAS,Studio Art,31
2009,MCAS,Studio Art,34
2010,MCAS,Studio Art,36
2011,MCAS,Studio Art,34
2012,MCAS,Studio Art,30
2013,MCAS,Studio Art,35
2014,MCAS,Studio Art,25
2015,MCAS,Studio Art,21
2016,MCAS,Studio Art,27
2017,MCAS,Studio Art,20
2018,MCAS,Studio Art,25
2019,MCAS,Studio Art,24
2020,MCAS,Studio Art,29
2021,MCAS,Studio Art,38
2022,MCAS,Studio Art,37
1990,MCAS,Theatre,27
1991,MCAS,Theatre,36
1992,MCAS,Theatre,31
1993,MCAS,Theatre,35
1994,MCAS,Theatre,40
1995,MCAS,Theatre,43
1996,MCAS,Theatre,66
1997,MCAS,Theatre,87
1998,MCAS,Theatre,84
1999,MCAS,Theatre,106
2000,MCAS,Theatre,101
2001,MCAS,Theatre,91
2002,MCAS,Theatre,91
2003,MCAS,Theatre,107
2004,MCAS,Theatre,124
2005,MCAS,Theatre,114
2006,MCAS,Theatre,107
2007,MCAS,Theatre,92
2008,MCAS,Theatre,102
2009,MCAS,Theatre,81
2010,MCAS,Theatre,90
2011,MCAS,Theatre,74
2012,MCAS,Theatre,53
2013,MCAS,Theatre,61
2014,MCAS,Theatre,51
2015,MCAS,Theatre,62
2016,MCAS,Theatre,57
2017,MCAS,Theatre,44
2018,MCAS,Theatre,52
2019,MCAS,Theatre,41
2020,MCAS,Theatre,40
2021,MCAS,Theatre,39
2022,MCAS,Theatre,33
1990,MCAS,Theology,21
1991,MCAS,Theology,25
1992,MCAS,Theology,21
1993,MCAS,Theology,20
1994,MCAS,Theology,29
1995,MCAS,Theology,36
1996,MCAS,Theology,47
1997,MCAS,Theology,54
1998,MCAS,Theology,70
1999,MCAS,Theology,80
2000,MCAS,Theology,88
2001,MCAS,Theology,92
2002,MCAS,Theology,137
2003,MCAS,Theology,130
2004,MCAS,Theology,151
2005,MCAS,Theology,106
2006,MCAS,Theology,113
2007,MCAS,Theology,119
2008,MCAS,Theology,118
2009,MCAS,Theology,101
2010,MCAS,Theology,94
2011,MCAS,Theology,104
2012,MCAS,Theology,80
2013,MCAS,Theology,73
2014,MCAS,Theology,60
2015,MCAS,Theology,68
2016,MCAS,Theology,60
2017,MCAS,Theology,53
2018,MCAS,Theology,34
2019,MCAS,Theology,37
2020,MCAS,Theology,42
2021,MCAS,Theology,43
2022,MCAS,Theology,34
1990,CSON,Nursing,355
1991,CSON,Nursing,373
1992,CSON,Nursing,430
1993,CSON,Nursing,419
1994,CSON,Nursing,410
1995,CSON,Nursing,368
1996,CSON,Nursing,306
1997,CSON,Nursing,250
1998,CSON,Nursing,250
1999,CSON,Nursing,238
2000,CSON,Nursing,217
2001,CSON,Nursing,230
2002,CSON,Nursing,220
2003,CSON,Nursing,269
2004,CSON,Nursing,329
2005,CSON,Nursing,358
2006,CSON,Nursing,377
2007,CSON,Nursing,387
2008,CSON,Nursing,382
2009,CSON,Nursing,399
2010,CSON,Nursing,377
2011,CSON,Nursing,408
2012,CSON,Nursing,391
2013,CSON,Nursing,383
2014,CSON,Nursing,382
2015,CSON,Nursing,411
2016,CSON,Nursing,432
2017,CSON,Nursing,436
2018,CSON,Nursing,431
2019,CSON,Nursing,437
2020,CSON,Nursing,432
2021,CSON,Nursing,419
2022,CSON,Nursing,418
1990,CSOM,Accounting,429
1991,CSOM,Accounting,411
1992,CSOM,Accounting,415
1993,CSOM,Accounting,434
1994,CSOM,Accounting,459
1995,CSOM,Accounting,426
1996,CSOM,Accounting,383
1997,CSOM,Accounting,353
1998,CSOM,Accounting,336
1999,CSOM,Accounting,298
2000,CSOM,Accounting,245
2001,CSOM,Accounting,246
2002,CSOM,Accounting,279
2003,CSOM,Accounting,287
2004,CSOM,Accounting,302
2005,CSOM,Accounting,328
2006,CSOM,Accounting,316
2007,CSOM,Accounting,311
2008,CSOM,Accounting,321
2009,CSOM,Accounting,393
2010,CSOM,Accounting,407
2011,CSOM,Accounting,338
2012,CSOM,Accounting,323
2013,CSOM,Accounting,332
2014,CSOM,Accounting,353
2015,CSOM,Accounting,331
2016,CSOM,Accounting,287
2017,CSOM,Accounting,258
2018,CSOM,Accounting,233
2019,CSOM,Accounting,195
2020,CSOM,Accounting,198
2021,CSOM,Accounting,181
2022,CSOM,Accounting,150
1990,CSOM,Accounting for Finance and Consulting,
1991,CSOM,Accounting for Finance and Consulting,
1992,CSOM,Accounting for Finance and Consulting,
1993,CSOM,Accounting for Finance and Consulting,
1994,CSOM,Accounting for Finance and Consulting,
1995,CSOM,Accounting for Finance and Consulting,
1996,CSOM,Accounting for Finance and Consulting,
1997,CSOM,Accounting for Finance and Consulting,
1998,CSOM,Accounting for Finance and Consulting,
1999,CSOM,Accounting for Finance and Consulting,
2000,CSOM,Accounting for Finance and Consulting,
2001,CSOM,Accounting for Finance and Consulting,
2002,CSOM,Accounting for Finance and Consulting,
2003,CSOM,Accounting for Finance and Consulting,
2004,CSOM,Accounting for Finance and Consulting,
2005,CSOM,Accounting for Finance and Consulting,
2006,CSOM,Accounting for Finance and Consulting,
2007,CSOM,Accounting for Finance and Consulting,
2008,CSOM,Accounting for Finance and Consulting,
2009,CSOM,Accounting for Finance and Consulting,
2010,CSOM,Accounting for Finance and Consulting,
2011,CSOM,Accounting for Finance and Consulting,
2012,CSOM,Accounting for Finance and Consulting,
2013,CSOM,Accounting for Finance and Consulting,
2014,CSOM,Accounting for Finance and Consulting,
2015,CSOM,Accounting for Finance and Consulting,
2016,CSOM,Accounting for Finance and Consulting,
2017,CSOM,Accounting for Finance and Consulting,
2018,CSOM,Accounting for Finance and Consulting,55
2019,CSOM,Accounting for Finance and Consulting,120
2020,CSOM,Accounting for Finance and Consulting,143
2021,CSOM,Accounting for Finance and Consulting,126
2022,CSOM,Accounting for Finance and Consulting,138
1990,CSOM,Business Analytics,
1991,CSOM,Business Analytics,
1992,CSOM,Business Analytics,
1993,CSOM,Business Analytics,
1994,CSOM,Business Analytics,
1995,CSOM,Business Analytics,
1996,CSOM,Business Analytics,
1997,CSOM,Business Analytics,
1998,CSOM,Business Analytics,
1999,CSOM,Business Analytics,
2000,CSOM,Business Analytics,
2001,CSOM,Business Analytics,
2002,CSOM,Business Analytics,
2003,CSOM,Business Analytics,
2004,CSOM,Business Analytics,
2005,CSOM,Business Analytics,
2006,CSOM,Business Analytics,
2007,CSOM,Business Analytics,
2008,CSOM,Business Analytics,
2009,CSOM,Business Analytics,
2010,CSOM,Business Analytics,
2011,CSOM,Business Analytics,
2012,CSOM,Business Analytics,
2013,CSOM,Business Analytics,
2014,CSOM,Business Analytics,5
2015,CSOM,Business Analytics,81
2016,CSOM,Business Analytics,155
2017,CSOM,Business Analytics,158
2018,CSOM,Business Analytics,210
2019,CSOM,Business Analytics,217
2020,CSOM,Business Analytics,240
2021,CSOM,Business Analytics,260
2022,CSOM,Business Analytics,276
1990,CSOM,Computer Science,25
1991,CSOM,Computer Science,21
1992,CSOM,Computer Science,21
1993,CSOM,Computer Science,38
1994,CSOM,Computer Science,41
1995,CSOM,Computer Science,38
1996,CSOM,Computer Science,56
1997,CSOM,Computer Science,61
1998,CSOM,Computer Science,63
1999,CSOM,Computer Science,62
2000,CSOM,Computer Science,63
2001,CSOM,Computer Science,73
2002,CSOM,Computer Science,52
2003,CSOM,Computer Science,28
2004,CSOM,Computer Science,14
2005,CSOM,Computer Science,16
2006,CSOM,Computer Science,15
2007,CSOM,Computer Science,10
2008,CSOM,Computer Science,4
2009,CSOM,Computer Science,12
2010,CSOM,Computer Science,17
2011,CSOM,Computer Science,21
2012,CSOM,Computer Science,29
2013,CSOM,Computer Science,27
2014,CSOM,Computer Science,41
2015,CSOM,Computer Science,39
2016,CSOM,Computer Science,30
2017,CSOM,Computer Science,36
2018,CSOM,Computer Science,46
2019,CSOM,Computer Science,52
2020,CSOM,Computer Science,15
2021,CSOM,Computer Science,8
2022,CSOM,Computer Science,1
1990,CSOM,Corp. Reporting & Analysis,
1991,CSOM,Corp. Reporting & Analysis,
1992,CSOM,Corp. Reporting & Analysis,
1993,CSOM,Corp. Reporting & Analysis,
1994,CSOM,Corp. Reporting & Analysis,
1995,CSOM,Corp. Reporting & Analysis,
1996,CSOM,Corp. Reporting & Analysis,
1997,CSOM,Corp. Reporting & Analysis,
1998,CSOM,Corp. Reporting & Analysis,
1999,CSOM,Corp. Reporting & Analysis,
2000,CSOM,Corp. Reporting & Analysis,
2001,CSOM,Corp. Reporting & Analysis,
2002,CSOM,Corp. Reporting & Analysis,
2003,CSOM,Corp. Reporting & Analysis,
2004,CSOM,Corp. Reporting & Analysis,
2005,CSOM,Corp. Reporting & Analysis,
2006,CSOM,Corp. Reporting & Analysis,
2007,CSOM,Corp. Reporting & Analysis,
2008,CSOM,Corp. Reporting & Analysis,
2009,CSOM,Corp. Reporting & Analysis,
2010,CSOM,Corp. Reporting & Analysis,
2011,CSOM,Corp. Reporting & Analysis,
2012,CSOM,Corp. Reporting & Analysis,
2013,CSOM,Corp. Reporting & Analysis,
2014,CSOM,Corp. Reporting & Analysis,
2015,CSOM,Corp. Reporting & Analysis,
2016,CSOM,Corp. Reporting & Analysis,
2017,CSOM,Corp. Reporting & Analysis,
2018,CSOM,Corp. Reporting & Analysis,
2019,CSOM,Corp. Reporting & Analysis,
2020,CSOM,Corp. Reporting & Analysis,
2021,CSOM,Corp. Reporting & Analysis,
2022,CSOM,Corp. Reporting & Analysis,
1990,CSOM,Corporate Reporting & Analysis,
1991,CSOM,Corporate Reporting & Analysis,
1992,CSOM,Corporate Reporting & Analysis,
1993,CSOM,Corporate Reporting & Analysis,
1994,CSOM,Corporate Reporting & Analysis,
1995,CSOM,Corporate Reporting & Analysis,
1996,CSOM,Corporate Reporting & Analysis,
1997,CSOM,Corporate Reporting & Analysis,
1998,CSOM,Corporate Reporting & Analysis,
1999,CSOM,Corporate Reporting & Analysis,
2000,CSOM,Corporate Reporting & Analysis,
2001,CSOM,Corporate Reporting & Analysis,
2002,CSOM,Corporate Reporting & Analysis,
2003,CSOM,Corporate Reporting & Analysis,32
2004,CSOM,Corporate Reporting & Analysis,25
2005,CSOM,Corporate Reporting & Analysis,18
2006,CSOM,Corporate Reporting & Analysis,16
2007,CSOM,Corporate Reporting & Analysis,18
2008,CSOM,Corporate Reporting & Analysis,17
2009,CSOM,Corporate Reporting & Analysis,13
2010,CSOM,Corporate Reporting & Analysis,12
2011,CSOM,Corporate Reporting & Analysis,14
2012,CSOM,Corporate Reporting & Analysis,17
2013,CSOM,Corporate Reporting & Analysis,24
2014,CSOM,Corporate Reporting & Analysis,29
2015,CSOM,Corporate Reporting & Analysis,30
2016,CSOM,Corporate Reporting & Analysis,22
2017,CSOM,Corporate Reporting & Analysis,11
2018,CSOM,Corporate Reporting & Analysis,6
2019,CSOM,Corporate Reporting & Analysis,3
2020,CSOM,Corporate Reporting & Analysis,1
2021,CSOM,Corporate Reporting & Analysis,
2022,CSOM,Corporate Reporting & Analysis,
1990,CSOM,Economics,147
1991,CSOM,Economics,137
1992,CSOM,Economics,138
1993,CSOM,Economics,126
1994,CSOM,Economics,134
1995,CSOM,Economics,156
1996,CSOM,Economics,143
1997,CSOM,Economics,149
1998,CSOM,Economics,148
1999,CSOM,Economics,139
2000,CSOM,Economics,128
2001,CSOM,Economics,136
2002,CSOM,Economics,127
2003,CSOM,Economics,140
2004,CSOM,Economics,128
2005,CSOM,Economics,124
2006,CSOM,Economics,138
2007,CSOM,Economics,130
2008,CSOM,Economics,133
2009,CSOM,Economics,139
2010,CSOM,Economics,154
2011,CSOM,Economics,157
2012,CSOM,Economics,189
2013,CSOM,Economics,221
2014,CSOM,Economics,169
2015,CSOM,Economics,156
2016,CSOM,Economics,144
2017,CSOM,Economics,134
2018,CSOM,Economics,133
2019,CSOM,Economics,119
2020,CSOM,Economics,103
2021,CSOM,Economics,118
2022,CSOM,Economics,74
1990,CSOM,Economics/Op. Res.,
1991,CSOM,Economics/Op. Res.,
1992,CSOM,Economics/Op. Res.,
1993,CSOM,Economics/Op. Res.,
1994,CSOM,Economics/Op. Res.,6
1995,CSOM,Economics/Op. Res.,3
1996,CSOM,Economics/Op. Res.,
1997,CSOM,Economics/Op. Res.,
1998,CSOM,Economics/Op. Res.,
1999,CSOM,Economics/Op. Res.,
2000,CSOM,Economics/Op. Res.,
2001,CSOM,Economics/Op. Res.,
2002,CSOM,Economics/Op. Res.,
2003,CSOM,Economics/Op. Res.,
2004,CSOM,Economics/Op. Res.,
2005,CSOM,Economics/Op. Res.,
2006,CSOM,Economics/Op. Res.,
2007,CSOM,Economics/Op. Res.,
2008,CSOM,Economics/Op. Res.,
2009,CSOM,Economics/Op. Res.,
2010,CSOM,Economics/Op. Res.,
2011,CSOM,Economics/Op. Res.,
2012,CSOM,Economics/Op. Res.,
2013,CSOM,Economics/Op. Res.,
2014,CSOM,Economics/Op. Res.,
2015,CSOM,Economics/Op. Res.,
2016,CSOM,Economics/Op. Res.,
2017,CSOM,Economics/Op. Res.,
2018,CSOM,Economics/Op. Res.,
2019,CSOM,Economics/Op. Res.,
2020,CSOM,Economics/Op. Res.,
2021,CSOM,Economics/Op. Res.,
2022,CSOM,Economics/Op. Res.,
1990,CSOM,Entrepreneurship,
1991,CSOM,Entrepreneurship,
1992,CSOM,Entrepreneurship,
1993,CSOM,Entrepreneurship,
1994,CSOM,Entrepreneurship,
1995,CSOM,Entrepreneurship,
1996,CSOM,Entrepreneurship,
1997,CSOM,Entrepreneurship,
1998,CSOM,Entrepreneurship,
1999,CSOM,Entrepreneurship,
2000,CSOM,Entrepreneurship,
2001,CSOM,Entrepreneurship,
2002,CSOM,Entrepreneurship,
2003,CSOM,Entrepreneurship,
2004,CSOM,Entrepreneurship,
2005,CSOM,Entrepreneurship,
2006,CSOM,Entrepreneurship,
2007,CSOM,Entrepreneurship,
2008,CSOM,Entrepreneurship,
2009,CSOM,Entrepreneurship,
2010,CSOM,Entrepreneurship,
2011,CSOM,Entrepreneurship,
2012,CSOM,Entrepreneurship,
2013,CSOM,Entrepreneurship,
2014,CSOM,Entrepreneurship,
2015,CSOM,Entrepreneurship,
2016,CSOM,Entrepreneurship,68
2017,CSOM,Entrepreneurship,86
2018,CSOM,Entrepreneurship,78
2019,CSOM,Entrepreneurship,98
2020,CSOM,Entrepreneurship,85
2021,CSOM,Entrepreneurship,110
2022,CSOM,Entrepreneurship,152
1990,CSOM,Finance,578
1991,CSOM,Finance,524
1992,CSOM,Finance,533
1993,CSOM,Finance,566
1994,CSOM,Finance,645
1995,CSOM,Finance,702
1996,CSOM,Finance,747
1997,CSOM,Finance,743
1998,CSOM,Finance,783
1999,CSOM,Finance,797
2000,CSOM,Finance,732
2001,CSOM,Finance,665
2002,CSOM,Finance,679
2003,CSOM,Finance,717
2004,CSOM,Finance,763
2005,CSOM,Finance,760
2006,CSOM,Finance,805
2007,CSOM,Finance,855
2008,CSOM,Finance,830
2009,CSOM,Finance,772
2010,CSOM,Finance,755
2011,CSOM,Finance,726
2012,CSOM,Finance,817
2013,CSOM,Finance,862
2014,CSOM,Finance,938
2015,CSOM,Finance,1017
2016,CSOM,Finance,1032
2017,CSOM,Finance,1042
2018,CSOM,Finance,1048
2019,CSOM,Finance,1108
2020,CSOM,Finance,1148
2021,CSOM,Finance,1203
2022,CSOM,Finance,1360
1990,CSOM,General Management,334
1991,CSOM,General Management,316
1992,CSOM,General Management,297
1993,CSOM,General Management,282
1994,CSOM,General Management,265
1995,CSOM,General Management,268
1996,CSOM,General Management,258
1997,CSOM,General Management,250
1998,CSOM,General Management,232
1999,CSOM,General Management,259
2000,CSOM,General Management,215
2001,CSOM,General Management,189
2002,CSOM,General Management,159
2003,CSOM,General Management,136
2004,CSOM,General Management,125
2005,CSOM,General Management,187
2006,CSOM,General Management,163
2007,CSOM,General Management,120
2008,CSOM,General Management,86
2009,CSOM,General Management,84
2010,CSOM,General Management,69
2011,CSOM,General Management,71
2012,CSOM,General Management,67
2013,CSOM,General Management,56
2014,CSOM,General Management,54
2015,CSOM,General Management,61
2016,CSOM,General Management,56
2017,CSOM,General Management,53
2018,CSOM,General Management,48
2019,CSOM,General Management,43
2020,CSOM,General Management,59
2021,CSOM,General Management,57
2022,CSOM,General Management,53
1990,CSOM,Human Resource Management,40
1991,CSOM,Human Resource Management,33
1992,CSOM,Human Resource Management,30
1993,CSOM,Human Resource Management,46
1994,CSOM,Human Resource Management,50
1995,CSOM,Human Resource Management,59
1996,CSOM,Human Resource Management,67
1997,CSOM,Human Resource Management,59
1998,CSOM,Human Resource Management,62
1999,CSOM,Human Resource Management,54
2000,CSOM,Human Resource Management,30
2001,CSOM,Human Resource Management,45
2002,CSOM,Human Resource Management,39
2003,CSOM,Human Resource Management,37
2004,CSOM,Human Resource Management,38
2005,CSOM,Human Resource Management,31
2006,CSOM,Human Resource Management,34
2007,CSOM,Human Resource Management,22
2008,CSOM,Human Resource Management,17
2009,CSOM,Human Resource Management,29
2010,CSOM,Human Resource Management,23
2011,CSOM,Human Resource Management,14
2012,CSOM,Human Resource Management,11
2013,CSOM,Human Resource Management,8
2014,CSOM,Human Resource Management,3
2015,CSOM,Human Resource Management,
2016,CSOM,Human Resource Management,
2017,CSOM,Human Resource Management,
2018,CSOM,Human Resource Management,
2019,CSOM,Human Resource Management,
2020,CSOM,Human Resource Management,
2021,CSOM,Human Resource Management,
2022,CSOM,Human Resource Management,
1990,CSOM,Information Systems,37
1991,CSOM,Information Systems,48
1992,CSOM,Information Systems,46
1993,CSOM,Information Systems,53
1994,CSOM,Information Systems,74
1995,CSOM,Information Systems,50
1996,CSOM,Information Systems,82
1997,CSOM,Information Systems,94
1998,CSOM,Information Systems,136
1999,CSOM,Information Systems,159
2000,CSOM,Information Systems,181
2001,CSOM,Information Systems,176
2002,CSOM,Information Systems,128
2003,CSOM,Information Systems,85
2004,CSOM,Information Systems,50
2005,CSOM,Information Systems,32
2006,CSOM,Information Systems,30
2007,CSOM,Information Systems,43
2008,CSOM,Information Systems,85
2009,CSOM,Information Systems,96
2010,CSOM,Information Systems,105
2011,CSOM,Information Systems,103
2012,CSOM,Information Systems,131
2013,CSOM,Information Systems,123
2014,CSOM,Information Systems,135
2015,CSOM,Information Systems,125
2016,CSOM,Information Systems,147
2017,CSOM,Information Systems,150
2018,CSOM,Information Systems,159
2019,CSOM,Information Systems,183
2020,CSOM,Information Systems,195
2021,CSOM,Information Systems,159
2022,CSOM,Information Systems,146
1990,CSOM,Information Systems/Accounting,
1991,CSOM,Information Systems/Accounting,
1992,CSOM,Information Systems/Accounting,
1993,CSOM,Information Systems/Accounting,
1994,CSOM,Information Systems/Accounting,
1995,CSOM,Information Systems/Accounting,
1996,CSOM,Information Systems/Accounting,
1997,CSOM,Information Systems/Accounting,
1998,CSOM,Information Systems/Accounting,
1999,CSOM,Information Systems/Accounting,
2000,CSOM,Information Systems/Accounting,
2001,CSOM,Information Systems/Accounting,4
2002,CSOM,Information Systems/Accounting,7
2003,CSOM,Information Systems/Accounting,9
2004,CSOM,Information Systems/Accounting,4
2005,CSOM,Information Systems/Accounting,6
2006,CSOM,Information Systems/Accounting,6
2007,CSOM,Information Systems/Accounting,4
2008,CSOM,Information Systems/Accounting,4
2009,CSOM,Information Systems/Accounting,14
2010,CSOM,Information Systems/Accounting,12
2011,CSOM,Information Systems/Accounting,5
2012,CSOM,Information Systems/Accounting,12
2013,CSOM,Information Systems/Accounting,22
2014,CSOM,Information Systems/Accounting,19
2015,CSOM,Information Systems/Accounting,15
2016,CSOM,Information Systems/Accounting,9
2017,CSOM,Information Systems/Accounting,20
2018,CSOM,Information Systems/Accounting,25
2019,CSOM,Information Systems/Accounting,11
2020,CSOM,Information Systems/Accounting,14
2021,CSOM,Information Systems/Accounting,15
2022,CSOM,Information Systems/Accounting,9
1990,CSOM,Management & Leadership,
1991,CSOM,Management & Leadership,
1992,CSOM,Management & Leadership,
1993,CSOM,Management & Leadership,
1994,CSOM,Management & Leadership,
1995,CSOM,Management & Leadership,
1996,CSOM,Management & Leadership,
1997,CSOM,Management & Leadership,
1998,CSOM,Management & Leadership,
1999,CSOM,Management & Leadership,
2000,CSOM,Management & Leadership,
2001,CSOM,Management & Leadership,
2002,CSOM,Management & Leadership,
2003,CSOM,Management & Leadership,
2004,CSOM,Management & Leadership,
2005,CSOM,Management & Leadership,
2006,CSOM,Management & Leadership,15
2007,CSOM,Management & Leadership,78
2008,CSOM,Management & Leadership,84
2009,CSOM,Management & Leadership,119
2010,CSOM,Management & Leadership,130
2011,CSOM,Management & Leadership,139
2012,CSOM,Management & Leadership,164
2013,CSOM,Management & Leadership,180
2014,CSOM,Management & Leadership,176
2015,CSOM,Management & Leadership,189
2016,CSOM,Management & Leadership,182
2017,CSOM,Management & Leadership,146
2018,CSOM,Management & Leadership,159
2019,CSOM,Management & Leadership,147
2020,CSOM,Management & Leadership,147
2021,CSOM,Management & Leadership,169
2022,CSOM,Management & Leadership,183
1990,CSOM,Managing for Social Impact,
1991,CSOM,Managing for Social Impact,
1992,CSOM,Managing for Social Impact,
1993,CSOM,Managing for Social Impact,
1994,CSOM,Managing for Social Impact,
1995,CSOM,Managing for Social Impact,
1996,CSOM,Managing for Social Impact,
1997,CSOM,Managing for Social Impact,
1998,CSOM,Managing for Social Impact,
1999,CSOM,Managing for Social Impact,
2000,CSOM,Managing for Social Impact,
2001,CSOM,Managing for Social Impact,
2002,CSOM,Managing for Social Impact,
2003,CSOM,Managing for Social Impact,
2004,CSOM,Managing for Social Impact,
2005,CSOM,Managing for Social Impact,
2006,CSOM,Managing for Social Impact,
2007,CSOM,Managing for Social Impact,
2008,CSOM,Managing for Social Impact,
2009,CSOM,Managing for Social Impact,
2010,CSOM,Managing for Social Impact,
2011,CSOM,Managing for Social Impact,
2012,CSOM,Managing for Social Impact,
2013,CSOM,Managing for Social Impact,
2014,CSOM,Managing for Social Impact,
2015,CSOM,Managing for Social Impact,
2016,CSOM,Managing for Social Impact,
2017,CSOM,Managing for Social Impact,33
2018,CSOM,Managing for Social Impact,29
2019,CSOM,Managing for Social Impact,32
2020,CSOM,Managing for Social Impact,19
2021,CSOM,Managing for Social Impact,33
2022,CSOM,Managing for Social Impact,26
1990,CSOM,Marketing,433
1991,CSOM,Marketing,425
1992,CSOM,Marketing,384
1993,CSOM,Marketing,397
1994,CSOM,Marketing,422
1995,CSOM,Marketing,430
1996,CSOM,Marketing,487
1997,CSOM,Marketing,463
1998,CSOM,Marketing,498
1999,CSOM,Marketing,444
2000,CSOM,Marketing,427
2001,CSOM,Marketing,429
2002,CSOM,Marketing,395
2003,CSOM,Marketing,397
2004,CSOM,Marketing,392
2005,CSOM,Marketing,396
2006,CSOM,Marketing,386
2007,CSOM,Marketing,351
2008,CSOM,Marketing,386
2009,CSOM,Marketing,384
2010,CSOM,Marketing,415
2011,CSOM,Marketing,343
2012,CSOM,Marketing,375
2013,CSOM,Marketing,320
2014,CSOM,Marketing,388
2015,CSOM,Marketing,408
2016,CSOM,Marketing,412
2017,CSOM,Marketing,390
2018,CSOM,Marketing,337
2019,CSOM,Marketing,345
2020,CSOM,Marketing,328
2021,CSOM,Marketing,301
2022,CSOM,Marketing,280
1990,CSOM,Operations Management,35
1991,CSOM,Operations Management,68
1992,CSOM,Operations Management,56
1993,CSOM,Operations Management,63
1994,CSOM,Operations Management,54
1995,CSOM,Operations Management,55
1996,CSOM,Operations Management,67
1997,CSOM,Operations Management,79
1998,CSOM,Operations Management,87
1999,CSOM,Operations Management,79
2000,CSOM,Operations Management,86
2001,CSOM,Operations Management,65
2002,CSOM,Operations Management,65
2003,CSOM,Operations Management,48
2004,CSOM,Operations Management,29
2005,CSOM,Operations Management,32
2006,CSOM,Operations Management,47
2007,CSOM,Operations Management,38
2008,CSOM,Operations Management,36
2009,CSOM,Operations Management,28
2010,CSOM,Operations Management,40
2011,CSOM,Operations Management,40
2012,CSOM,Operations Management,48
2013,CSOM,Operations Management,69
2014,CSOM,Operations Management,84
2015,CSOM,Operations Management,75
2016,CSOM,Operations Management,76
2017,CSOM,Operations Management,59
2018,CSOM,Operations Management,79
2019,CSOM,Operations Management,74
2020,CSOM,Operations Management,53
2021,CSOM,Operations Management,48
2022,CSOM,Operations Management,45
1990,LSOE,American Heritages,
1991,LSOE,American Heritages,
1992,LSOE,American Heritages,
1993,LSOE,American Heritages,
1994,LSOE,American Heritages,3
1995,LSOE,American Heritages,2
1996,LSOE,American Heritages,4
1997,LSOE,American Heritages,2
1998,LSOE,American Heritages,2
1999,LSOE,American Heritages,1
2000,LSOE,American Heritages,2
2001,LSOE,American Heritages,2
2002,LSOE,American Heritages,4
2003,LSOE,American Heritages,8
2004,LSOE,American Heritages,7
2005,LSOE,American Heritages,5
2006,LSOE,American Heritages,4
2007,LSOE,American Heritages,5
2008,LSOE,American Heritages,8
2009,LSOE,American Heritages,4
2010,LSOE,American Heritages,2
2011,LSOE,American Heritages,3
2012,LSOE,American Heritages,3
2013,LSOE,American Heritages,4
2014,LSOE,American Heritages,3
2015,LSOE,American Heritages,7
2016,LSOE,American Heritages,3
2017,LSOE,American Heritages,4
2018,LSOE,American Heritages,5
2019,LSOE,American Heritages,4
2020,LSOE,American Heritages,3
2021,LSOE,American Heritages,2
2022,LSOE,American Heritages,1
1990,LSOE,Applied Psychology & Human Development,134
1991,LSOE,Applied Psychology & Human Development,175
1992,LSOE,Applied Psychology & Human Development,208
1993,LSOE,Applied Psychology & Human Development,198
1994,LSOE,Applied Psychology & Human Development,180
1995,LSOE,Applied Psychology & Human Development,191
1996,LSOE,Applied Psychology & Human Development,231
1997,LSOE,Applied Psychology & Human Development,258
1998,LSOE,Applied Psychology & Human Development,289
1999,LSOE,Applied Psychology & Human Development,290
2000,LSOE,Applied Psychology & Human Development,277
2001,LSOE,Applied Psychology & Human Development,285
2002,LSOE,Applied Psychology & Human Development,276
2003,LSOE,Applied Psychology & Human Development,295
2004,LSOE,Applied Psychology & Human Development,314
2005,LSOE,Applied Psychology & Human Development,315
2006,LSOE,Applied Psychology & Human Development,306
2007,LSOE,Applied Psychology & Human Development,322
2008,LSOE,Applied Psychology & Human Development,306
2009,LSOE,Applied Psychology & Human Development,298
2010,LSOE,Applied Psychology & Human Development,312
2011,LSOE,Applied Psychology & Human Development,384
2012,LSOE,Applied Psychology & Human Development,403
2013,LSOE,Applied Psychology & Human Development,367
2014,LSOE,Applied Psychology & Human Development,367
2015,LSOE,Applied Psychology & Human Development,374
2016,LSOE,Applied Psychology & Human Development,384
2017,LSOE,Applied Psychology & Human Development,411
2018,LSOE,Applied Psychology & Human Development,430
2019,LSOE,Applied Psychology & Human Development,409
2020,LSOE,Applied Psychology & Human Development,435
2021,LSOE,Applied Psychology & Human Development,414
2022,LSOE,Applied Psychology & Human Development,382
1990,LSOE,Child in Society,
1991,LSOE,Child in Society,
1992,LSOE,Child in Society,
1993,LSOE,Child in Society,
1994,LSOE,Child in Society,75
1995,LSOE,Child in Society,86
1996,LSOE,Child in Society,99
1997,LSOE,Child in Society,88
1998,LSOE,Child in Society,67
1999,LSOE,Child in Society,65
2000,LSOE,Child in Society,49
2001,LSOE,Child in Society,40
2002,LSOE,Child in Society,31
2003,LSOE,Child in Society,30
2004,LSOE,Child in Society,26
2005,LSOE,Child in Society,21
2006,LSOE,Child in Society,9
2007,LSOE,Child in Society,
2008,LSOE,Child in Society,
2009,LSOE,Child in Society,
2010,LSOE,Child in Society,
2011,LSOE,Child in Society,
2012,LSOE,Child in Society,
2013,LSOE,Child in Society,
2014,LSOE,Child in Society,
2015,LSOE,Child in Society,
2016,LSOE,Child in Society,
2017,LSOE,Child in Society,
2018,LSOE,Child in Society,
2019,LSOE,Child in Society,
2020,LSOE,Child in Society,
2021,LSOE,Child in Society,
2022,LSOE,Child in Society,
1990,LSOE,Early Childhood,74
1991,LSOE,Early Childhood,82
1992,LSOE,Early Childhood,100
1993,LSOE,Early Childhood,79
1994,LSOE,Early Childhood,81
1995,LSOE,Early Childhood,72
1996,LSOE,Early Childhood,57
1997,LSOE,Early Childhood,50
1998,LSOE,Early Childhood,53
1999,LSOE,Early Childhood,68
2000,LSOE,Early Childhood,57
2001,LSOE,Early Childhood,52
2002,LSOE,Early Childhood,43
2003,LSOE,Early Childhood,42
2004,LSOE,Early Childhood,45
2005,LSOE,Early Childhood,31
2006,LSOE,Early Childhood,36
2007,LSOE,Early Childhood,26
2008,LSOE,Early Childhood,23
2009,LSOE,Early Childhood,12
2010,LSOE,Early Childhood,
2011,LSOE,Early Childhood,
2012,LSOE,Early Childhood,
2013,LSOE,Early Childhood,
2014,LSOE,Early Childhood,
2015,LSOE,Early Childhood,
2016,LSOE,Early Childhood,
2017,LSOE,Early Childhood,
2018,LSOE,Early Childhood,
2019,LSOE,Early Childhood,
2020,LSOE,Early Childhood,
2021,LSOE,Early Childhood,
2022,LSOE,Early Childhood,
1990,LSOE,Elementary Education,218
1991,LSOE,Elementary Education,236
1992,LSOE,Elementary Education,240
1993,LSOE,Elementary Education,223
1994,LSOE,Elementary Education,200
1995,LSOE,Elementary Education,196
1996,LSOE,Elementary Education,231
1997,LSOE,Elementary Education,222
1998,LSOE,Elementary Education,217
1999,LSOE,Elementary Education,224
2000,LSOE,Elementary Education,256
2001,LSOE,Elementary Education,279
2002,LSOE,Elementary Education,297
2003,LSOE,Elementary Education,294
2004,LSOE,Elementary Education,270
2005,LSOE,Elementary Education,243
2006,LSOE,Elementary Education,223
2007,LSOE,Elementary Education,203
2008,LSOE,Elementary Education,209
2009,LSOE,Elementary Education,221
2010,LSOE,Elementary Education,246
2011,LSOE,Elementary Education,238
2012,LSOE,Elementary Education,223
2013,LSOE,Elementary Education,201
2014,LSOE,Elementary Education,176
2015,LSOE,Elementary Education,170
2016,LSOE,Elementary Education,140
2017,LSOE,Elementary Education,137
2018,LSOE,Elementary Education,137
2019,LSOE,Elementary Education,125
2020,LSOE,Elementary Education,122
2021,LSOE,Elementary Education,112
2022,LSOE,Elementary Education,128
1990,LSOE,General Science,
1991,LSOE,General Science,
1992,LSOE,General Science,
1993,LSOE,General Science,
1994,LSOE,General Science,4
1995,LSOE,General Science,3
1996,LSOE,General Science,5
1997,LSOE,General Science,2
1998,LSOE,General Science,4
1999,LSOE,General Science,6
2000,LSOE,General Science,4
2001,LSOE,General Science,2
2002,LSOE,General Science,3
2003,LSOE,General Science,5
2004,LSOE,General Science,1
2005,LSOE,General Science,2
2006,LSOE,General Science,1
2007,LSOE,General Science,3
2008,LSOE,General Science,4
2009,LSOE,General Science,1
2010,LSOE,General Science,1
2011,LSOE,General Science,3
2012,LSOE,General Science,1
2013,LSOE,General Science,5
2014,LSOE,General Science,5
2015,LSOE,General Science,2
2016,LSOE,General Science,2
2017,LSOE,General Science,2
2018,LSOE,General Science,2
2019,LSOE,General Science,1
2020,LSOE,General Science,
2021,LSOE,General Science,
2022,LSOE,General Science,
1990,LSOE,Intensive Special Needs,
1991,LSOE,Intensive Special Needs,
1992,LSOE,Intensive Special Needs,
1993,LSOE,Intensive Special Needs,
1994,LSOE,Intensive Special Needs,16
1995,LSOE,Intensive Special Needs,22
1996,LSOE,Intensive Special Needs,29
1997,LSOE,Intensive Special Needs,28
1998,LSOE,Intensive Special Needs,41
1999,LSOE,Intensive Special Needs,27
2000,LSOE,Intensive Special Needs,21
2001,LSOE,Intensive Special Needs,15
2002,LSOE,Intensive Special Needs,4
2003,LSOE,Intensive Special Needs,
2004,LSOE,Intensive Special Needs,
2005,LSOE,Intensive Special Needs,
2006,LSOE,Intensive Special Needs,
2007,LSOE,Intensive Special Needs,
2008,LSOE,Intensive Special Needs,
2009,LSOE,Intensive Special Needs,
2010,LSOE,Intensive Special Needs,
2011,LSOE,Intensive Special Needs,
2012,LSOE,Intensive Special Needs,
2013,LSOE,Intensive Special Needs,
2014,LSOE,Intensive Special Needs,
2015,LSOE,Intensive Special Needs,
2016,LSOE,Intensive Special Needs,
2017,LSOE,Intensive Special Needs,
2018,LSOE,Intensive Special Needs,
2019,LSOE,Intensive Special Needs,
2020,LSOE,Intensive Special Needs,
2021,LSOE,Intensive Special Needs,
2022,LSOE,Intensive Special Needs,
1990,LSOE,Math/Computer Science,
1991,LSOE,Math/Computer Science,
1992,LSOE,Math/Computer Science,
1993,LSOE,Math/Computer Science,
1994,LSOE,Math/Computer Science,16
1995,LSOE,Math/Computer Science,19
1996,LSOE,Math/Computer Science,29
1997,LSOE,Math/Computer Science,33
1998,LSOE,Math/Computer Science,34
1999,LSOE,Math/Computer Science,33
2000,LSOE,Math/Computer Science,29
2001,LSOE,Math/Computer Science,23
2002,LSOE,Math/Computer Science,26
2003,LSOE,Math/Computer Science,40
2004,LSOE,Math/Computer Science,32
2005,LSOE,Math/Computer Science,24
2006,LSOE,Math/Computer Science,32
2007,LSOE,Math/Computer Science,27
2008,LSOE,Math/Computer Science,19
2009,LSOE,Math/Computer Science,13
2010,LSOE,Math/Computer Science,22
2011,LSOE,Math/Computer Science,25
2012,LSOE,Math/Computer Science,21
2013,LSOE,Math/Computer Science,18
2014,LSOE,Math/Computer Science,18
2015,LSOE,Math/Computer Science,20
2016,LSOE,Math/Computer Science,14
2017,LSOE,Math/Computer Science,10
2018,LSOE,Math/Computer Science,9
2019,LSOE,Math/Computer Science,13
2020,LSOE,Math/Computer Science,13
2021,LSOE,Math/Computer Science,10
2022,LSOE,Math/Computer Science,10
1990,LSOE,Middle School,15
1991,LSOE,Middle School,15
1992,LSOE,Middle School,7
1993,LSOE,Middle School,3
1994,LSOE,Middle School,
1995,LSOE,Middle School,
1996,LSOE,Middle School,
1997,LSOE,Middle School,
1998,LSOE,Middle School,
1999,LSOE,Middle School,
2000,LSOE,Middle School,
2001,LSOE,Middle School,
2002,LSOE,Middle School,
2003,LSOE,Middle School,
2004,LSOE,Middle School,
2005,LSOE,Middle School,
2006,LSOE,Middle School,
2007,LSOE,Middle School,
2008,LSOE,Middle School,
2009,LSOE,Middle School,
2010,LSOE,Middle School,
2011,LSOE,Middle School,
2012,LSOE,Middle School,
2013,LSOE,Middle School,
2014,LSOE,Middle School,
2015,LSOE,Middle School,
2016,LSOE,Middle School,
2017,LSOE,Middle School,
2018,LSOE,Middle School,
2019,LSOE,Middle School,
2020,LSOE,Middle School,
2021,LSOE,Middle School,
2022,LSOE,Middle School,
1990,LSOE,Moderate Special Needs,47
1991,LSOE,Moderate Special Needs,
1992,LSOE,Moderate Special Needs,
1993,LSOE,Moderate Special Needs,
1994,LSOE,Moderate Special Needs,108
1995,LSOE,Moderate Special Needs,106
1996,LSOE,Moderate Special Needs,116
1997,LSOE,Moderate Special Needs,132
1998,LSOE,Moderate Special Needs,122
1999,LSOE,Moderate Special Needs,125
2000,LSOE,Moderate Special Needs,85
2001,LSOE,Moderate Special Needs,24
2002,LSOE,Moderate Special Needs,7
2003,LSOE,Moderate Special Needs,
2004,LSOE,Moderate Special Needs,
2005,LSOE,Moderate Special Needs,
2006,LSOE,Moderate Special Needs,
2007,LSOE,Moderate Special Needs,
2008,LSOE,Moderate Special Needs,
2009,LSOE,Moderate Special Needs,
2010,LSOE,Moderate Special Needs,
2011,LSOE,Moderate Special Needs,
2012,LSOE,Moderate Special Needs,
2013,LSOE,Moderate Special Needs,
2014,LSOE,Moderate Special Needs,
2015,LSOE,Moderate Special Needs,
2016,LSOE,Moderate Special Needs,
2017,LSOE,Moderate Special Needs,
2018,LSOE,Moderate Special Needs,
2019,LSOE,Moderate Special Needs,
2020,LSOE,Moderate Special Needs,
2021,LSOE,Moderate Special Needs,
2022,LSOE,Moderate Special Needs,
1990,LSOE,Perspectives on Spanish America,
1991,LSOE,Perspectives on Spanish America,
1992,LSOE,Perspectives on Spanish America,
1993,LSOE,Perspectives on Spanish America,
1994,LSOE,Perspectives on Spanish America,9
1995,LSOE,Perspectives on Spanish America,7
1996,LSOE,Perspectives on Spanish America,9
1997,LSOE,Perspectives on Spanish America,8
1998,LSOE,Perspectives on Spanish America,7
1999,LSOE,Perspectives on Spanish America,5
2000,LSOE,Perspectives on Spanish America,7
2001,LSOE,Perspectives on Spanish America,14
2002,LSOE,Perspectives on Spanish America,9
2003,LSOE,Perspectives on Spanish America,7
2004,LSOE,Perspectives on Spanish America,9
2005,LSOE,Perspectives on Spanish America,5
2006,LSOE,Perspectives on Spanish America,4
2007,LSOE,Perspectives on Spanish America,3
2008,LSOE,Perspectives on Spanish America,1
2009,LSOE,Perspectives on Spanish America,2
2010,LSOE,Perspectives on Spanish America,2
2011,LSOE,Perspectives on Spanish America,3
2012,LSOE,Perspectives on Spanish America,11
2013,LSOE,Perspectives on Spanish America,5
2014,LSOE,Perspectives on Spanish America,7
2015,LSOE,Perspectives on Spanish America,4
2016,LSOE,Perspectives on Spanish America,3
2017,LSOE,Perspectives on Spanish America,4
2018,LSOE,Perspectives on Spanish America,6
2019,LSOE,Perspectives on Spanish America,4
2020,LSOE,Perspectives on Spanish America,2
2021,LSOE,Perspectives on Spanish America,1
2022,LSOE,Perspectives on Spanish America,2
1990,LSOE,Secondary Education,141
1991,LSOE,Secondary Education,131
1992,LSOE,Secondary Education,108
1993,LSOE,Secondary Education,109
1994,LSOE,Secondary Education,118
1995,LSOE,Secondary Education,104
1996,LSOE,Secondary Education,143
1997,LSOE,Secondary Education,152
1998,LSOE,Secondary Education,146
1999,LSOE,Secondary Education,160
2000,LSOE,Secondary Education,123
2001,LSOE,Secondary Education,143
2002,LSOE,Secondary Education,148
2003,LSOE,Secondary Education,155
2004,LSOE,Secondary Education,161
2005,LSOE,Secondary Education,169
2006,LSOE,Secondary Education,175
2007,LSOE,Secondary Education,153
2008,LSOE,Secondary Education,152
2009,LSOE,Secondary Education,148
2010,LSOE,Secondary Education,157
2011,LSOE,Secondary Education,131
2012,LSOE,Secondary Education,111
2013,LSOE,Secondary Education,122
2014,LSOE,Secondary Education,128
2015,LSOE,Secondary Education,123
2016,LSOE,Secondary Education,105
2017,LSOE,Secondary Education,92
2018,LSOE,Secondary Education,95
2019,LSOE,Secondary Education,77
2020,LSOE,Secondary Education,63
2021,LSOE,Secondary Education,63
2022,LSOE,Secondary Education,63
1990,LSOE,Special Ed./Spec. Needs,87
1991,LSOE,Special Ed./Spec. Needs,96
1992,LSOE,Special Ed./Spec. Needs,105
1993,LSOE,Special Ed./Spec. Needs,113
1994,LSOE,Special Ed./Spec. Needs,
1995,LSOE,Special Ed./Spec. Needs,
1996,LSOE,Special Ed./Spec. Needs,
1997,LSOE,Special Ed./Spec. Needs,
1998,LSOE,Special Ed./Spec. Needs,
1999,LSOE,Special Ed./Spec. Needs,
2000,LSOE,Special Ed./Spec. Needs,
2001,LSOE,Special Ed./Spec. Needs,
2002,LSOE,Special Ed./Spec. Needs,
2003,LSOE,Special Ed./Spec. Needs,
2004,LSOE,Special Ed./Spec. Needs,
2005,LSOE,Special Ed./Spec. Needs,
2006,LSOE,Special Ed./Spec. Needs,
2007,LSOE,Special Ed./Spec. Needs,
2008,LSOE,Special Ed./Spec. Needs,
2009,LSOE,Special Ed./Spec. Needs,
2010,LSOE,Special Ed./Spec. Needs,
2011,LSOE,Special Ed./Spec. Needs,
2012,LSOE,Special Ed./Spec. Needs,
2013,LSOE,Special Ed./Spec. Needs,
2014,LSOE,Special Ed./Spec. Needs,
2015,LSOE,Special Ed./Spec. Needs,
2016,LSOE,Special Ed./Spec. Needs,
2017,LSOE,Special Ed./Spec. Needs,
2018,LSOE,Special Ed./Spec. Needs,
2019,LSOE,Special Ed./Spec. Needs,
2020,LSOE,Special Ed./Spec. Needs,
2021,LSOE,Special Ed./Spec. Needs,
2022,LSOE,Special Ed./Spec. Needs,
1990,LSOE,Transformative Education,
1991,LSOE,Transformative Education,
1992,LSOE,Transformative Education,
1993,LSOE,Transformative Education,
1994,LSOE,Transformative Education,
1995,LSOE,Transformative Education,
1996,LSOE,Transformative Education,
1997,LSOE,Transformative Education,
1998,LSOE,Transformative Education,
1999,LSOE,Transformative Education,
2000,LSOE,Transformative Education,
2001,LSOE,Transformative Education,
2002,LSOE,Transformative Education,
2003,LSOE,Transformative Education,
2004,LSOE,Transformative Education,
2005,LSOE,Transformative Education,
2006,LSOE,Transformative Education,
2007,LSOE,Transformative Education,
2008,LSOE,Transformative Education,
2009,LSOE,Transformative Education,
2010,LSOE,Transformative Education,
2011,LSOE,Transformative Education,
2012,LSOE,Transformative Education,
2013,LSOE,Transformative Education,
2014,LSOE,Transformative Education,
2015,LSOE,Transformative Education,
2016,LSOE,Transformative Education,
2017,LSOE,Transformative Education,
2018,LSOE,Transformative Education,
2019,LSOE,Transformative Education,
2020,LSOE,Transformative Education,
2021,LSOE,Transformative Education,56
2022,LSOE,Transformative Education,59
1990,LSOE,Transformative Educational Studies,
1991,LSOE,Transformative Educational Studies,
1992,LSOE,Transformative Educational Studies,
1993,LSOE,Transformative Educational Studies,
1994,LSOE,Transformative Educational Studies,
1995,LSOE,Transformative Educational Studies,
1996,LSOE,Transformative Educational Studies,
1997,LSOE,Transformative Educational Studies,
1998,LSOE,Transformative Educational Studies,
1999,LSOE,Transformative Educational Studies,
2000,LSOE,Transformative Educational Studies,
2001,LSOE,Transformative Educational Studies,
2002,LSOE,Transformative Educational Studies,
2003,LSOE,Transformative Educational Studies,
2004,LSOE,Transformative Educational Studies,
2005,LSOE,Transformative Educational Studies,
2006,LSOE,Transformative Educational Studies,
2007,LSOE,Transformative Educational Studies,
2008,LSOE,Transformative Educational Studies,
2009,LSOE,Transformative Educational Studies,
2010,LSOE,Transformative Educational Studies,
2011,LSOE,Transformative Educational Studies,
2012,LSOE,Transformative Educational Studies,
2013,LSOE,Transformative Educational Studies,
2014,LSOE,Transformative Educational Studies,
2015,LSOE,Transformative Educational Studies,
2016,LSOE,Transformative Educational Studies,
2017,LSOE,Transformative Educational Studies,
2018,LSOE,Transformative Educational Studies,
2019,LSOE,Transformative Educational Studies,
2020,LSOE,Transformative Educational Studies,9
2021,LSOE,Transformative Educational Studies,
2022,LSOE,Transformative Educational Studies,
